contract_id,contract_number,SUPPORT_ITEMNO,ACCOUNT_NUMBER,id,name
11227960,W1047599,49311P,4215513,NULL,NULL
11237855,W1048962,48206P,0908825,NULL,NULL
11237855,W1048962,48223P,0908825,NULL,NULL
11237855,W1048962,49311P,0908825,NULL,NULL
11237855,W1048962,67051P,0908825,NULL,NULL
11237855,W1048962,67058P,0908825,NULL,NULL
11240071,W1049654,73164P,4215456,NULL,NULL
11240379,W1049962,48206P,0908809,NULL,NULL
11240379,W1049962,48223P,0908809,NULL,NULL
11240379,W1049962,48310P,0908809,NULL,NULL
11240379,W1049962,48311P,0908809,NULL,NULL
11240379,W1049962,49302P,0908809,NULL,NULL
11240379,W1049962,67058P,0908809,NULL,NULL
11240379,W1049962,67059P,0908809,NULL,NULL
11240379,W1049962,67060P,0908809,NULL,NULL
11242958,W1051027,48311P,1212537,NULL,NULL
11242958,W1051027,49305P,1212537,NULL,NULL
11244368,W1051843,73164P,2107297,NULL,NULL
11244889,W1052013,67055P,6025856,NULL,NULL
11244889,W1052013,67058P,6025856,NULL,NULL
11245002,W1052126,48206P,4804600,NULL,NULL
11245002,W1052126,48206P,4804602,NULL,NULL
11245002,W1052126,48206P,4804601,NULL,NULL
11245002,W1052126,48223P,4804601,NULL,NULL
11245002,W1052126,48223P,4804600,NULL,NULL
11245002,W1052126,48223P,4804602,NULL,NULL
11245002,W1052126,48310P,4804601,NULL,NULL
11245002,W1052126,48310P,4804600,NULL,NULL
11245002,W1052126,48310P,4804602,NULL,NULL
11245002,W1052126,48311P,4804602,NULL,NULL
11245002,W1052126,48311P,4804600,NULL,NULL
11245002,W1052126,48311P,4804601,NULL,NULL
11245002,W1052126,49302P,4804602,NULL,NULL
11245002,W1052126,49302P,4804600,NULL,NULL
11245002,W1052126,49302P,4804601,NULL,NULL
11245002,W1052126,67058P,4804601,NULL,NULL
11245002,W1052126,67058P,4804600,NULL,NULL
11245002,W1052126,67058P,4804602,NULL,NULL
11245123,W1052247,49302P,0102653,NULL,NULL
11245123,W1052247,49302P,0102658,NULL,NULL
11246202,W1053326,29000P,1502894,NULL,NULL
11246202,W1053326,29000P,1502893,NULL,NULL
11246202,W1053326,29000P,1502892,NULL,NULL
11246202,W1053326,29001P,1502894,NULL,NULL
11246202,W1053326,29001P,1502892,NULL,NULL
11246202,W1053326,29001P,1502893,NULL,NULL
11246202,W1053326,29002P,1502894,NULL,NULL
11246202,W1053326,29002P,1502893,NULL,NULL
11246202,W1053326,29002P,1502892,NULL,NULL
11246202,W1053326,29003P,1502893,NULL,NULL
11246202,W1053326,29003P,1502892,NULL,NULL
11246202,W1053326,29003P,1502894,NULL,NULL
11246202,W1053326,29004P,1502892,NULL,NULL
11246202,W1053326,29004P,1502893,NULL,NULL
11246202,W1053326,29004P,1502894,NULL,NULL
11246202,W1053326,29006P,1502892,NULL,NULL
11246202,W1053326,29006P,1502894,NULL,NULL
11246202,W1053326,29006P,1502893,NULL,NULL
11246476,W1053600,67054P,2004143,NULL,NULL
11246476,W1053600,67055P,2004143,NULL,NULL
11246833,W1053874,48311P,4101159,NULL,NULL
11246833,W1053874,49302P,4101159,NULL,NULL
11247183,W1054224,67056P,1005540,NULL,NULL
11247183,W1054224,67058P,1005540,NULL,NULL
11247183,W1054224,67059P,1005540,NULL,NULL
11247183,W1054224,67060P,1005540,NULL,NULL
11247183,W1054224,73145P,1005540,NULL,NULL
11247464,W1054505,67056P,0503608,NULL,NULL
11247464,W1054505,67058P,0503608,NULL,NULL
11247464,W1054505,73145P,0503608,NULL,NULL
11247464,W1054505,73164P,0503608,NULL,NULL
11248230,W1055271,73164P,2107303,NULL,NULL
11248310,W1055351,48206P,3503142,NULL,NULL
11248310,W1055351,48223P,3503142,NULL,NULL
11248310,W1055351,67058P,3503142,NULL,NULL
11248312,W1055353,67056P,1101251,NULL,NULL
11248312,W1055353,67058P,1101251,NULL,NULL
11248312,W1055353,73145P,1101251,NULL,NULL
11248350,W1055391,48206P,0503612,NULL,NULL
11248350,W1055391,48223P,0503612,NULL,NULL
11248350,W1055391,67058P,0503612,NULL,NULL
11248375,W1055416,48311P,0423161,NULL,NULL
11248375,W1055416,49302P,0423161,NULL,NULL
11248515,W1055556,48206P,3503143,NULL,NULL
11248515,W1055556,48223P,3503143,NULL,NULL
11248515,W1055556,67058P,3503143,NULL,NULL
11248555,W1055596,67056P,6025856,NULL,NULL
11248555,W1055596,73145P,6025856,NULL,NULL
11248787,W1055828,48311P,0302133,NULL,NULL
11248787,W1055828,48311P,0302134,NULL,NULL
11248787,W1055828,49302P,0302133,NULL,NULL
11248787,W1055828,49302P,0302134,NULL,NULL
11249357,W1056398,48206P,4503822,NULL,NULL
11249357,W1056398,48223P,4503822,NULL,NULL
11249357,W1056398,49302P,4503822,NULL,NULL
11249357,W1056398,67058P,4503822,NULL,NULL
11249643,W1056684,48206P,4503832,NULL,NULL
11249643,W1056684,48223P,4503832,NULL,NULL
11249643,W1056684,67058P,4503832,NULL,NULL
11250024,W1057065,48311P,4215507,NULL,NULL
11250024,W1057065,48311P,4215506,NULL,NULL
11250024,W1057065,48311P,4215508,NULL,NULL
11250024,W1057065,49305P,4215506,NULL,NULL
11250024,W1057065,49305P,4215507,NULL,NULL
11250024,W1057065,49305P,4215508,NULL,NULL
11250310,W1057351,48206P,0423174,NULL,NULL
11250310,W1057351,48223P,0423174,NULL,NULL
11250310,W1057351,48310P,0423174,NULL,NULL
11250310,W1057351,67058P,0423174,NULL,NULL
11250530,W1057571,48206P,3408030,NULL,NULL
11250530,W1057571,48223P,3408030,NULL,NULL
11250530,W1057571,67058P,3408030,NULL,NULL
11250900,W1057941,48206P,2004143,NULL,NULL
11250900,W1057941,48223P,2004143,NULL,NULL
11252027,W1059068,67056P,4215511,NULL,NULL
11252027,W1059068,67058P,4215511,NULL,NULL
11252027,W1059068,73145P,4215511,NULL,NULL
11252169,W1059210,48206P,4215488,NULL,NULL
11252169,W1059210,48207P,4215488,NULL,NULL
11252169,W1059210,48223P,4215488,NULL,NULL
11252169,W1059210,67058P,4215488,NULL,NULL
11252178,W1059219,48206P,2203854,NULL,NULL
11252178,W1059219,48206P,2203860,NULL,NULL
11252178,W1059219,48223P,2203854,NULL,NULL
11252178,W1059219,48223P,2203860,NULL,NULL
11252178,W1059219,49302P,2203854,NULL,NULL
11252178,W1059219,49302P,2203860,NULL,NULL
11252178,W1059219,67058P,2203854,NULL,NULL
11252178,W1059219,67058P,2203860,NULL,NULL
11252315,W1059356,48311P,0204227,NULL,NULL
11252315,W1059356,48311P,0204225,NULL,NULL
11252315,W1059356,49302P,0204227,NULL,NULL
11252315,W1059356,49302P,0204225,NULL,NULL
11252404,W1059445,73144P,3902463,NULL,NULL
11252404,W1059445,73144P,3902462,NULL,NULL
11252404,W1059445,73144P,3902464,NULL,NULL
11252404,W1059445,73144P,3902468,NULL,NULL
11252404,W1059445,73144P,3902460,NULL,NULL
11252404,W1059445,73144P,3902461,NULL,NULL
11252404,W1059445,73144P,3902445,NULL,NULL
11252404,W1059445,73144P,3902444,NULL,NULL
11252404,W1059445,73144P,3902443,NULL,NULL
11252404,W1059445,73144P,3902447,NULL,NULL
11252404,W1059445,73144P,3902446,NULL,NULL
11253146,W1060187,48206P,0102656,NULL,NULL
11253146,W1060187,48223P,0102656,NULL,NULL
11253146,W1060187,67058P,0102656,NULL,NULL
11253297,W1060338,48206P,4603972,NULL,NULL
11253297,W1060338,48223P,4603972,NULL,NULL
11253297,W1060338,48310P,4603972,NULL,NULL
11253297,W1060338,67058P,4603972,NULL,NULL
11253432,W1060473,67055P,4804605,NULL,NULL
11253432,W1060473,67056P,4804605,NULL,NULL
11253432,W1060473,67058P,4804605,NULL,NULL
11253432,W1060473,73145P,4804605,NULL,NULL
11257715,W1060912,67056P,1903152,NULL,NULL
11257715,W1060912,67058P,1903152,NULL,NULL
11257715,W1060912,73145P,1903152,NULL,NULL
11259662,W1061115,48311P,4215522,NULL,NULL
11259662,W1061115,49302P,4215522,NULL,NULL
11260779,W1061371,48206P,3707496,NULL,NULL
11260779,W1061371,48223P,3707496,NULL,NULL
11260779,W1061371,67058P,3707496,NULL,NULL
11260782,W1061374,48206P,4215514,NULL,NULL
11260782,W1061374,48223P,4215514,NULL,NULL
11260782,W1061374,67058P,4215514,NULL,NULL
11261663,W1061398,48206P,2301968,NULL,NULL
11261663,W1061398,48223P,2301968,NULL,NULL
11261663,W1061398,67058P,2301968,NULL,NULL
11264733,W1061739,67055P,4804599,NULL,NULL
11264733,W1061739,67056P,4804599,NULL,NULL
11264733,W1061739,67057P,4804599,NULL,NULL
11264733,W1061739,67058P,4804599,NULL,NULL
11264733,W1061739,73145P,4804599,NULL,NULL
11264733,W1061739,73164P,4804599,NULL,NULL
11264737,W1061743,48206P,4804610,NULL,NULL
11264737,W1061743,48223P,4804610,NULL,NULL
11264737,W1061743,49302P,4804610,NULL,NULL
11264737,W1061743,67058P,4804610,NULL,NULL
11267692,W1061942,67056P,4215487,NULL,NULL
11267692,W1061942,67058P,4215487,NULL,NULL
11267692,W1061942,73145P,4215487,NULL,NULL
11268727,W1062137,48206P,0419553,NULL,NULL
11268727,W1062137,48223P,0419553,NULL,NULL
11268727,W1062137,48310P,0419553,NULL,NULL
11268727,W1062137,67058P,0419553,NULL,NULL
11268728,W1062138,48206P,3111956,NULL,NULL
11268728,W1062138,48206P,3111957,NULL,NULL
11268728,W1062138,48223P,3111956,NULL,NULL
11268728,W1062138,48223P,3111957,NULL,NULL
11268728,W1062138,48310P,3111956,NULL,NULL
11268728,W1062138,48310P,3111957,NULL,NULL
11268728,W1062138,67058P,3111957,NULL,NULL
11268728,W1062138,67058P,3111956,NULL,NULL
11270786,W1062477,48206P,4215455,NULL,NULL
11270786,W1062477,48223P,4215455,NULL,NULL
11270786,W1062477,67051P,4215455,NULL,NULL
11270786,W1062477,67058P,4215455,NULL,NULL
11271754,W1062591,29000P,1212543,NULL,NULL
11271754,W1062591,29000P,1212541,NULL,NULL
11271754,W1062591,29001P,1212543,NULL,NULL
11271754,W1062591,29001P,1212541,NULL,NULL
11271754,W1062591,29002P,1212541,NULL,NULL
11271754,W1062591,29002P,1212543,NULL,NULL
11271754,W1062591,29004P,1212543,NULL,NULL
11271754,W1062591,29004P,1212541,NULL,NULL
11271754,W1062591,29005P,1212541,NULL,NULL
11271754,W1062591,29005P,1212543,NULL,NULL
11273719,W1062756,48311P,4603978,NULL,NULL
11273719,W1062756,48311P,4603980,NULL,NULL
11273719,W1062756,48311P,4603979,NULL,NULL
11273719,W1062756,48311P,4603977,NULL,NULL
11273719,W1062756,48311P,4603974,NULL,NULL
11273719,W1062756,48311P,4603975,NULL,NULL
11273719,W1062756,48311P,4603976,NULL,NULL
11273719,W1062756,49302P,4603974,NULL,NULL
11273719,W1062756,49302P,4603975,NULL,NULL
11273719,W1062756,49302P,4603980,NULL,NULL
11273719,W1062756,49302P,4603976,NULL,NULL
11273719,W1062756,49302P,4603978,NULL,NULL
11273719,W1062756,49302P,4603979,NULL,NULL
11273719,W1062756,49302P,4603977,NULL,NULL
11273740,W1062777,67056P,4215541,NULL,NULL
11273740,W1062777,67058P,4215541,NULL,NULL
11273740,W1062777,73145P,4215541,NULL,NULL
11273740,W1062777,73164P,4215545,NULL,NULL
11273740,W1062777,73164P,4215541,NULL,NULL
11273740,W1062777,73164P,4215543,NULL,NULL
11273740,W1062777,73164P,4215544,NULL,NULL
11274076,W1063113,48206P,1602542,NULL,NULL
11274076,W1063113,48223P,1602542,NULL,NULL
11274076,W1063113,67058P,1602542,NULL,NULL
11274179,W1063216,48207P,0423217,NULL,NULL
11274380,W1063417,48206P,0908804,NULL,NULL
11274380,W1063417,48206P,0908797,NULL,NULL
11274380,W1063417,48206P,0908798,NULL,NULL
11274380,W1063417,48206P,0908796,NULL,NULL
11274380,W1063417,48223P,0908804,NULL,NULL
11274380,W1063417,48223P,0908798,NULL,NULL
11274380,W1063417,48223P,0908796,NULL,NULL
11274380,W1063417,48223P,0908797,NULL,NULL
11274380,W1063417,48310P,0908796,NULL,NULL
11274380,W1063417,48310P,0908798,NULL,NULL
11274380,W1063417,48310P,0908797,NULL,NULL
11274380,W1063417,49302P,0908804,NULL,NULL
11274380,W1063417,67058P,0908798,NULL,NULL
11274380,W1063417,67058P,0908804,NULL,NULL
11274380,W1063417,67058P,0908797,NULL,NULL
11274380,W1063417,67058P,0908796,NULL,NULL
11274461,W1063498,29000P,4215536,NULL,NULL
11274461,W1063498,29000P,4215537,NULL,NULL
11274461,W1063498,29000P,4215538,NULL,NULL
11274461,W1063498,29000P,4215539,NULL,NULL
11274461,W1063498,29000P,4215535,NULL,NULL
11274461,W1063498,29001P,4215535,NULL,NULL
11274461,W1063498,29001P,4215539,NULL,NULL
11274461,W1063498,29001P,4215538,NULL,NULL
11274461,W1063498,29001P,4215536,NULL,NULL
11274461,W1063498,29001P,4215537,NULL,NULL
11274461,W1063498,29002P,4215536,NULL,NULL
11274461,W1063498,29002P,4215538,NULL,NULL
11274461,W1063498,29002P,4215539,NULL,NULL
11274461,W1063498,29002P,4215537,NULL,NULL
11274461,W1063498,29002P,4215535,NULL,NULL
11274461,W1063498,29003P,4215538,NULL,NULL
11274461,W1063498,29003P,4215535,NULL,NULL
11274461,W1063498,29003P,4215536,NULL,NULL
11274461,W1063498,29003P,4215539,NULL,NULL
11274461,W1063498,29003P,4215537,NULL,NULL
11274489,W1063526,48311P,3707495,NULL,NULL
11274489,W1063526,48311P,3707494,NULL,NULL
11274489,W1063526,49302P,3707495,NULL,NULL
11274489,W1063526,49302P,3707494,NULL,NULL
11274588,W1063625,48206P,2985490,NULL,NULL
11274588,W1063625,48206P,2901393,NULL,NULL
11274588,W1063625,48206P,2901401,NULL,NULL
11274588,W1063625,48223P,2901393,NULL,NULL
11274588,W1063625,48223P,2985490,NULL,NULL
11274588,W1063625,48223P,2901401,NULL,NULL
11274588,W1063625,48310P,2901401,NULL,NULL
11274588,W1063625,48310P,2985490,NULL,NULL
11274588,W1063625,48310P,2901393,NULL,NULL
11274588,W1063625,67058P,2985490,NULL,NULL
11274588,W1063625,67058P,2901393,NULL,NULL
11274588,W1063625,67058P,2901401,NULL,NULL
11274629,W1063666,29000P,4215551,NULL,NULL
11274629,W1063666,29000P,4215552,NULL,NULL
11274629,W1063666,29001P,4215551,NULL,NULL
11274629,W1063666,29001P,4215552,NULL,NULL
11274629,W1063666,29002P,4215551,NULL,NULL
11274629,W1063666,29002P,4215552,NULL,NULL
11274629,W1063666,29004P,4215551,NULL,NULL
11274629,W1063666,29004P,4215552,NULL,NULL
11274648,W1063685,29000P,3111958,NULL,NULL
11274650,W1063687,29005P,4215536,NULL,NULL
11274650,W1063687,29005P,4215535,NULL,NULL
11274650,W1063687,29005P,4215538,NULL,NULL
11274650,W1063687,29005P,4215539,NULL,NULL
11274650,W1063687,29005P,4215537,NULL,NULL
11274963,W1064000,48311P,0423149,NULL,NULL
11274963,W1064000,49302P,0423149,NULL,NULL
11275300,W1064337,29000P,4215556,NULL,NULL
11275300,W1064337,29001P,4215556,NULL,NULL
11275300,W1064337,29002P,4215556,NULL,NULL
11275300,W1064337,29004P,4215556,NULL,NULL
11275365,W1064402,48206P,0423180,NULL,NULL
11275365,W1064402,48223P,0423180,NULL,NULL
11275365,W1064402,48310P,0423180,NULL,NULL
11275365,W1064402,67058P,0423180,NULL,NULL
11275721,W1064758,48206P,1005541,NULL,NULL
11275721,W1064758,48223P,1005541,NULL,NULL
11275721,W1064758,48310P,1005541,NULL,NULL
11275721,W1064758,67058P,1005541,NULL,NULL
11275775,W1064812,29004P,4215535,NULL,NULL
11275775,W1064812,29004P,4215536,NULL,NULL
11275775,W1064812,29004P,4215537,NULL,NULL
11275775,W1064812,29004P,4215539,NULL,NULL
11275775,W1064812,29004P,4215538,NULL,NULL
11276262,W1065299,48311P,1502889,NULL,NULL
11276262,W1065299,48311P,1502890,NULL,NULL
11276262,W1065299,48311P,1502887,NULL,NULL
11276262,W1065299,48311P,1502888,NULL,NULL
11276262,W1065299,49302P,1502887,NULL,NULL
11276262,W1065299,49302P,1502888,NULL,NULL
11276262,W1065299,49302P,1502889,NULL,NULL
11276262,W1065299,49302P,1502890,NULL,NULL
11276464,W1065501,48206P,3204594,NULL,NULL
11276464,W1065501,48223P,3204594,NULL,NULL
11276464,W1065501,49302P,3204594,NULL,NULL
11276464,W1065501,67058P,3204594,NULL,NULL
11276750,W1065787,48206P,0503611,NULL,NULL
11276750,W1065787,48223P,0503611,NULL,NULL
11276750,W1065787,67058P,0503611,NULL,NULL
11279985,W1066067,48310P,4215477,NULL,NULL
11279985,W1066067,48312P,4215477,NULL,NULL
11285997,W1066215,73164P,1101251,NULL,NULL
11285997,W1066215,73164P,1101252,NULL,NULL
11295993,W1066483,48311P,0302139,NULL,NULL
11295993,W1066483,49302P,0302139,NULL,NULL
11308056,W1066964,67056P,4215466,NULL,NULL
11308056,W1066964,67056P,4215474,NULL,NULL
11308056,W1066964,67056P,4215473,NULL,NULL
11308056,W1066964,67056P,4215531,NULL,NULL
11308056,W1066964,67056P,4215528,NULL,NULL
11308056,W1066964,67056P,4215529,NULL,NULL
11308056,W1066964,67058P,4215466,NULL,NULL
11308056,W1066964,67058P,4215473,NULL,NULL
11308056,W1066964,67058P,4215474,NULL,NULL
11308056,W1066964,67058P,4215529,NULL,NULL
11308056,W1066964,67058P,4215528,NULL,NULL
11308056,W1066964,67058P,4215531,NULL,NULL
11308056,W1066964,73145P,4215466,NULL,NULL
11308056,W1066964,73145P,4215473,NULL,NULL
11308056,W1066964,73145P,4215474,NULL,NULL
11308056,W1066964,73145P,4215529,NULL,NULL
11308056,W1066964,73145P,4215528,NULL,NULL
11308056,W1066964,73145P,4215531,NULL,NULL
11308056,W1066964,73164P,4215466,NULL,NULL
11308056,W1066964,73164P,4215531,NULL,NULL
11308056,W1066964,73164P,4215529,NULL,NULL
11308056,W1066964,73164P,4215528,NULL,NULL
11316098,W1067777,48206P,4503823,NULL,NULL
11316098,W1067777,48223P,4503823,NULL,NULL
11316098,W1067777,67058P,4503823,NULL,NULL
11320068,W1067939,73164P,4301533,NULL,NULL
11321019,W1067960,67056P,0204236,NULL,NULL
11321019,W1067960,67058P,0204236,NULL,NULL
11321019,W1067960,73144P,0204236,NULL,NULL
11321019,W1067960,73145P,0204236,NULL,NULL
11321021,W1067962,48206P,1402869,NULL,NULL
11321021,W1067962,48223P,1402869,NULL,NULL
11321021,W1067962,67058P,1402869,NULL,NULL
11322033,W1068046,48206P,1901808,NULL,NULL
11322033,W1068046,48223P,1901808,NULL,NULL
11322033,W1068046,48310P,1901808,NULL,NULL
11322033,W1068046,67058P,1901808,NULL,NULL
11328034,W1068440,48311P,1212531,NULL,NULL
11328034,W1068440,49302P,1212531,NULL,NULL
11328035,W1068441,48311P,0908824,NULL,NULL
11328035,W1068441,49302P,0908824,NULL,NULL
11328077,W1068483,48206P,4503831,NULL,NULL
11328077,W1068483,48223P,4503831,NULL,NULL
11328077,W1068483,48310P,4503831,NULL,NULL
11328077,W1068483,48311P,4503831,NULL,NULL
11328077,W1068483,49302P,4503831,NULL,NULL
11328077,W1068483,67058P,4503831,NULL,NULL
11328086,W1068492,73164P,2203850,NULL,NULL
11337017,W1069108,48206P,0423240,NULL,NULL
11337017,W1069108,48223P,0423240,NULL,NULL
11337017,W1069108,67058P,0423240,NULL,NULL
11338019,W1069157,48206P,8519468,NULL,NULL
11338019,W1069157,48223P,8519468,NULL,NULL
11338019,W1069157,48310P,8519468,NULL,NULL
11338019,W1069157,67058P,8519468,NULL,NULL
11349022,W1069775,48206P,2905552,NULL,NULL
11349022,W1069775,48223P,2905552,NULL,NULL
11349022,W1069775,67058P,2905552,NULL,NULL
11358073,W1070377,73144P,6025877,NULL,NULL
11371013,W1071806,48311P,0423206,NULL,NULL
11371013,W1071806,48311P,0423199,NULL,NULL
11371013,W1071806,49302P,0423206,NULL,NULL
11371013,W1071806,49302P,0423199,NULL,NULL
11374055,W1072043,48311P,0908801,NULL,NULL
11374055,W1072043,48311P,0908802,NULL,NULL
11374055,W1072043,49302P,0908802,NULL,NULL
11374055,W1072043,49302P,0908801,NULL,NULL
11386022,W1072889,67056P,6025847,NULL,NULL
11386022,W1072889,73145P,6025847,NULL,NULL
11410009,W1073265,48311P,2404561,NULL,NULL
11410009,W1073265,49302P,2404561,NULL,NULL
