contract_id,sf_quote_id,SF_QUOTE_NAME
11163909,aDmWB0000003DVz0AM,Q-94846
11219973,aDmWB0000003E1h0AE,Q-96812
11241779,aDmWB0000003BJV0A2,Q-86384
11242905,aDmWB0000003BL80AM,Q-86485
11244297,aDmWB0000003CEq0AM,Q-89939
11244871,aDmWB0000003CXm0AM,Q-91113
11245117,aDmWB0000003Caq0AE,Q-91303
11246368,aDmWB0000003BT70AM,Q-86980
11247120,aDmWB0000003C7V0AU,Q-89484
11247122,aDmWB0000003C7X0AU,Q-89486
11247185,aDmWB0000003COC0A2,Q-90519
11248085,aDmWB0000003ASM0A2,Q-83588
11248230,aDmWB0000003Aag0AE,Q-83704
11248285,aDmWB0000003AbR0AU,Q-84551
11248350,aDmWB0000003AcC0AU,Q-84598
11248555,aDmWB0000003Arj0AE,Q-85761
11248766,aDmWB0000003BAg0AM,Q-87136
11249922,aDmWB0000003Cq70AE,Q-93349
11250530,aDmWB0000003AxU0AU,Q-85019
11251617,aDmWB0000003CC70AM,Q-89770
11251945,aDmWB0000003CSP0A2,Q-90780
11252335,aDmWB0000003Cjp0AE,Q-91860
11252746,aDmWB0000003DNz0AM,Q-94350
11252810,aDmWB0000003DOn0AM,Q-94400
11255572,aDmWB0000003BQA0A2,Q-86797
11257715,aDmWB0000003BiF0AU,Q-87918
11261656,aDmWB0000003C2Z0AU,Q-89178
11261711,aDmWB0000003C300AE,Q-89205
11265644,aDmWB0000003CMU0A2,Q-90413
11266655,aDmWB0000003CMz0AM,Q-90444
11270650,aDmWB0000003D1c0AE,Q-92963
11275454,aDmWB0000003C0w0AE,Q-89077
11275903,aDmWB0000003CKa0AM,Q-90295
11276021,aDmWB0000003Cbv0AE,Q-91370
11301976,aDmWB0000003EEM0A2,Q-97597
11303980,aDmWB0000003EEx0AM,Q-97634
11308056,aDmWB0000003ETx0AM,Q-98536
11317033,aDmWB0000003Egd0AE,Q-99322
11328069,aDmWB0000003Emb0AE,Q-99692
11354068,aDmWB0000003DCT0A2,Q-93636
11380057,aDmWB0000003EX80AM,Q-98733
