contract_id,contract_number,sf_contract_id
9139189,W882921,800WB000001XJplYAG
10384342,W957778,800WB000001XJqqYAG
11084806,W1033823,800WB000001XJsTYAW
11094877,W1035381,800WB000001XJsVYAW
11101001,W1036011,800WB000001XJscYAG
11131114,W1040356,800WB000001XK4oYAG
11145945,W1042591,800WB000001XKVeYAO
11152970,W1043097,800WB000001XKX4YAO
11152971,W1043098,800WB000001XKX5YAO
11152972,W1043099,800WB000001XKX6YAO
11160957,W1044395,800WB000001XL5FYAW
11198000,W1046488,800WB000001XMszYAG
11206973,W1046714,800WB000001XMtvYAG
11238973,W1049262,800WB000001XL09YAG
11239184,W1049473,800WB000001XLUhYAO
11239242,W1049531,800WB000001XLVAYA4
11239969,W1049552,800WB000001XLVPYA4
11239988,W1049571,800WB000001XLVWYA4
11240051,W1049634,800WB000001XLVwYAO
11240159,W1049742,800WB000001XM2xYAG
11241081,W1050101,800WB000001XM5rYAG
11241084,W1050104,800WB000001XM5uYAG
11241177,W1050197,800WB000001XMWeYAO
11241187,W1050207,800WB000001XMWhYAO
11242873,W1050942,800WB000001XNvHYAW
11242875,W1050944,800WB000001XNvJYAW
11242876,W1050945,800WB000001XNvKYAW
11242964,W1051033,800WB000001XNw2YAG
11242965,W1051034,800WB000001XNw3YAG
11242966,W1051035,800WB000001XNw4YAG
11242994,W1051063,800WB000001XNwNYAW
11243014,W1051083,800WB000001XNwbYAG
11244007,W1051482,800WB000001XJwBYAW
11244008,W1051483,800WB000001XJwCYAW
11244009,W1051484,800WB000001XJwDYAW
11244010,W1051485,800WB000001XJwEYAW
11244011,W1051486,800WB000001XJwFYAW
11244012,W1051487,800WB000001XJwGYAW
11244013,W1051488,800WB000001XJwHYAW
11244014,W1051489,800WB000001XJwIYAW
11244051,W1051526,800WB000001XJwlYAG
11244077,W1051552,800WB000001XJwxYAG
11244078,W1051553,800WB000001XJwyYAG
11244206,W1051681,800WB000001XJySYAW
11244208,W1051683,800WB000001XJyUYAW
11244209,W1051684,800WB000001XJyVYAW
11244210,W1051685,800WB000001XJyWYAW
11244237,W1051712,800WB000001XJyqYAG
11244238,W1051713,800WB000001XJyrYAG
11244239,W1051714,800WB000001XJysYAG
11244240,W1051715,800WB000001XJytYAG
11244241,W1051716,800WB000001XJyuYAG
11244242,W1051717,800WB000001XJyvYAG
11244243,W1051718,800WB000001XJywYAG
11244244,W1051719,800WB000001XJyxYAG
11244271,W1051746,800WB000001XJzIYAW
11244272,W1051747,800WB000001XJzJYAW
11244273,W1051748,800WB000001XJzKYAW
11244274,W1051749,800WB000001XJzLYAW
11244275,W1051750,800WB000001XJzMYAW
11244276,W1051751,800WB000001XK5pYAG
11244277,W1051752,800WB000001XK5qYAG
11244278,W1051753,800WB000001XK5rYAG
11244285,W1051760,800WB000001XK5yYAG
11244286,W1051761,800WB000001XK5zYAG
11244331,W1051806,800WB000001XK6SYAW
11244332,W1051807,800WB000001XK6TYAW
11244333,W1051808,800WB000001XK6UYAW
11244334,W1051809,800WB000001XK6VYAW
11244335,W1051810,800WB000001XK6WYAW
11244336,W1051811,800WB000001XK6XYAW
11244362,W1051837,800WB000001XK6hYAG
11244363,W1051838,800WB000001XK6iYAG
11244371,W1051846,800WB000001XK6qYAG
11244372,W1051847,800WB000001XK6rYAG
11244373,W1051848,800WB000001XK6sYAG
11244431,W1051906,800WB000001XK7eYAG
11244432,W1051907,800WB000001XK7fYAG
11244433,W1051908,800WB000001XK7gYAG
11244434,W1051909,800WB000001XK7hYAG
11244435,W1051910,800WB000001XK7iYAG
11244436,W1051911,800WB000001XK7jYAG
11244437,W1051912,800WB000001XK7kYAG
11244441,W1051916,800WB000001XK7oYAG
11244442,W1051917,800WB000001XK7pYAG
11244861,W1051985,800WB000001XK8mYAG
11244921,W1052045,800WB000001XKb0YAG
11244922,W1052046,800WB000001XKb1YAG
11244923,W1052047,800WB000001XKb2YAG
11244924,W1052048,800WB000001XKb3YAG
11244925,W1052049,800WB000001XKb4YAG
11244926,W1052050,800WB000001XKb5YAG
11244935,W1052059,800WB000001XKbEYAW
11244936,W1052060,800WB000001XKbFYAW
11244946,W1052070,800WB000001XKbMYAW
11244948,W1052072,800WB000001XKbNYAW
11244988,W1052112,800WB000001XKbrYAG
11244989,W1052113,800WB000001XKbsYAG
11244990,W1052114,800WB000001XKbtYAG
11244991,W1052115,800WB000001XKbuYAG
11244992,W1052116,800WB000001XKbvYAG
11244993,W1052117,800WB000001XKbwYAG
11244994,W1052118,800WB000001XKbxYAG
11244995,W1052119,800WB000001XKbyYAG
11244996,W1052120,800WB000001XKbzYAG
11244997,W1052121,800WB000001XKc0YAG
11244998,W1052122,800WB000001XKc1YAG
11244999,W1052123,800WB000001XKc2YAG
11245000,W1052124,800WB000001XKc3YAG
11245009,W1052133,800WB000001XKcAYAW
11245010,W1052134,800WB000001XKcBYAW
11245011,W1052135,800WB000001XKcCYAW
11245012,W1052136,800WB000001XKcDYAW
11245058,W1052182,800WB000001XKcnYAG
11245097,W1052221,800WB000001XKd6YAG
11245098,W1052222,800WB000001XKd7YAG
11245099,W1052223,800WB000001XKd8YAG
11245100,W1052224,800WB000001XKd9YAG
11245101,W1052225,800WB000001XKdAYAW
11245102,W1052226,800WB000001XKdBYAW
11245111,W1052235,800WB000001XKdIYAW
11245112,W1052236,800WB000001XKdJYAW
11245113,W1052237,800WB000001XKdKYAW
11245202,W1052326,800WB000001XL12YAG
11245203,W1052327,800WB000001XL13YAG
11245204,W1052328,800WB000001XL14YAG
11245205,W1052329,800WB000001XL15YAG
11245206,W1052330,800WB000001XL16YAG
11245207,W1052331,800WB000001XL17YAG
11245208,W1052332,800WB000001XL18YAG
11245209,W1052333,800WB000001XL19YAG
11245210,W1052334,800WB000001XL1AYAW
11245212,W1052336,800WB000001XL1BYAW
11245213,W1052337,800WB000001XL1CYAW
11245214,W1052338,800WB000001XL1DYAW
11245215,W1052339,800WB000001XL1EYAW
11245216,W1052340,800WB000001XL1FYAW
11245217,W1052341,800WB000001XL1GYAW
11245218,W1052342,800WB000001XL1HYAW
11245219,W1052343,800WB000001XL1IYAW
11245220,W1052344,800WB000001XL1JYAW
11245221,W1052345,800WB000001XL1KYAW
11245222,W1052346,800WB000001XL1LYAW
11245225,W1052349,800WB000001XL1OYAW
11245227,W1052351,800WB000001XL1PYAW
11245228,W1052352,800WB000001XL1QYAW
11245229,W1052353,800WB000001XL1RYAW
11245230,W1052354,800WB000001XL1SYAW
11245345,W1052469,800WB000001XL33YAG
11245346,W1052470,800WB000001XL34YAG
11245347,W1052471,800WB000001XL35YAG
11245348,W1052472,800WB000001XL36YAG
11245349,W1052473,800WB000001XL37YAG
11245350,W1052474,800WB000001XL38YAG
11245351,W1052475,800WB000001XL39YAG
11245352,W1052476,800WB000001XL3AYAW
11245353,W1052477,800WB000001XL3BYAW
11245354,W1052478,800WB000001XL3CYAW
11246412,W1053536,800WB000001XNJUYA4
11246557,W1053681,800WB000001XNlHYAW
11246623,W1053747,800WB000001XNmBYAW
11246624,W1053748,800WB000001XNmCYAW
11246676,W1053800,800WB000001XJ8AYAW
11246898,W1053939,800WB000001XKCLYA4
11246899,W1053940,800WB000001XKCMYA4
11246900,W1053941,800WB000001XKCNYA4
11246901,W1053942,800WB000001XKCOYA4
11246902,W1053943,800WB000001XKCPYA4
11246903,W1053944,800WB000001XKCQYA4
11246904,W1053945,800WB000001XKCRYA4
11246905,W1053946,800WB000001XKCSYA4
11246906,W1053947,800WB000001XKCTYA4
11246907,W1053948,800WB000001XKCUYA4
11246947,W1053988,800WB000001XKCzYAO
11247108,W1054149,800WB000001XKEnYAO
11247157,W1054198,800WB000001XKFPYA4
11247351,W1054392,800WB000001XKmGYAW
11247357,W1054398,800WB000001XKmMYAW
11247358,W1054399,800WB000001XKmNYAW
11247359,W1054400,800WB000001XKmOYAW
11247414,W1054455,800WB000001XKmxYAG
11247415,W1054456,800WB000001XKmyYAG
11247416,W1054457,800WB000001XKmzYAG
11247417,W1054458,800WB000001XKn0YAG
11247714,W1054755,800WB000001XLgFYAW
11247922,W1054963,800WB000001XLixYAG
11247923,W1054964,800WB000001XLiyYAG
11247924,W1054965,800WB000001XLizYAG
11248374,W1055415,800WB000001XMkSYAW
11248479,W1055520,800WB000001XNBmYAO
11249823,W1056864,800WB000001XKLWYA4
11249884,W1056925,800WB000001XKdtYAG
11249955,W1056996,800WB000001XKemYAG
11250759,W1057800,800WB000001XM0iYAG
11250851,W1057892,800WB000001XM22YAG
11250982,W1058023,800WB000001XMQCYA4
11251120,W1058161,800WB000001XMRxYAO
11251121,W1058162,800WB000001XMRyYAO
11251155,W1058196,800WB000001XMSEYA4
11252055,W1059096,800WB000001X7mUYAS
11252622,W1059663,800WB000001XKjhYAG
11252779,W1059820,800WB000001XLBIYA4
11252809,W1059850,800WB000001XLBcYAO
11253366,W1060407,800WB000001XMF3YAO
11253367,W1060408,800WB000001XMF4YAO
11253368,W1060409,800WB000001XMF5YAO
11253369,W1060410,800WB000001XMF6YAO
11253370,W1060411,800WB000001XMF7YAO
11253371,W1060412,800WB000001XMF8YAO
11253372,W1060413,800WB000001XMF9YAO
11253373,W1060414,800WB000001XMFAYA4
11253374,W1060415,800WB000001XMFBYA4
11253375,W1060416,800WB000001XMFCYA4
11253376,W1060417,800WB000001XMFDYA4
11253442,W1060483,800WB000001XMFaYAO
11255609,W1060733,800WB000001XMhcYAG
11256646,W1060838,800WB000001XMiPYAW
11270768,W1062459,800WB000001XKQ0YAO
11274592,W1063629,800WB000001XML5YAO
11274603,W1063640,800WB000001XMLFYA4
11274652,W1063689,800WB000001XMLmYAO
11275064,W1064101,800WB000001XMoeYAG
11275384,W1064421,800WB000001XNHXYA4
11276171,W1065208,800WB000001XO6zYAG
11276785,W1065822,800WB000001XLIMYA4
11276940,W1065977,800WB000001XLjWYAW
11287010,W1066262,800WB000001XLluYAG
11288998,W1066340,800WB000001XM9IYAW
11292989,W1066410,800WB000001XM9yYAG
11296992,W1066510,800WB000001XMCkYAO
11299011,W1066597,800WB000001XMDcYAO
11305011,W1066807,800WB000001XMaeYAG
11305012,W1066808,800WB000001XMafYAG
11305013,W1066809,800WB000001XMagYAG
11305014,W1066810,800WB000001XMahYAG
11310076,W1067142,800WB000001XN3EYAW
11315063,W1067676,800WB000001XNzsYAG
11319032,W1067872,800WB000001XOEoYAO
11322057,W1068070,800WB000001XOGtYAO
11322087,W1068100,800WB000001XOHLYA4
11325021,W1068139,800WB000001XOUjYAO
11326155,W1068336,800WB000001XOVuYAO
11326156,W1068337,800WB000001XOVvYAO
11328092,W1068498,800WB000001XKnNYAW
11328099,W1068505,800WB000001XKnOYAW
11331013,W1068549,800WB000001XKnsYAG
11331014,W1068550,800WB000001XKntYAG
11331015,W1068551,800WB000001XKnuYAG
11331016,W1068552,800WB000001XKnvYAG
11331017,W1068553,800WB000001XKnwYAG
11331018,W1068554,800WB000001XKnxYAG
11331019,W1068555,800WB000001XKnyYAG
11336056,W1069092,800WB000001XLniYAG
11345053,W1069516,800WB000001XM7xYAG
11347068,W1069643,800WB000001XM9AYAW
11356064,W1070280,800WB000001XNYcYAO
11358017,W1070321,800WB000001XNZ6YAO
11359766,W1071140,800WB000001XJLWYA4
