"TEMP_ID__c","Oracle_Contract_Number__c","AccountId","StartDate","ContractTerm","SBQQ__RenewalTerm__c","Status","SBQQ__AmendmentRenewalBehavior__c","CurrencyIsoCode","SBQQ__AmendmentPricebookId__c","SBQQ__RenewalPricebookId__c","SBQQ__Quote__c","Renewal_Path__c","SBQQ__RenewalOpportunityRecordTypeId__c","SBQQ__RenewalForecast__c","SBQQ__PreserveBundleStructureUponRenewals__c"
"CON-40000","10957464","0015000001GS7HGAA1","07/01/2022","12","12","Draft","Latest End Date","USD","01sDN000000CpWlYAK","01sDN000000CpWlYAK","Q-40000","Auto Quote","012DN000000ClsHYAS","FALSE","FALSE"
"CON-40001","10991482","0015000001GRZntAAH","07/01/2022","12","12","Draft","Latest End Date","USD","01sDN000000CpWlYAK","01sDN000000CpWlYAK","Q-40001","No Touch","012DN000000ClsHYAS","FALSE","FALSE"
"CON-40002","11116983","0015000001GRh4hAAD","07/01/2022","12","12","Draft","Latest End Date","USD","01sDN000000CpWlYAK","01sDN000000CpWlYAK","Q-40002","Full Touch","012DN000000ClsHYAS","FALSE","FALSE"
"CON-40003","10991482","0015000001GRZntAAH","07/01/2022","12","12","Draft","Latest End Date","USD","01sDN000000CpWlYAK","01sDN000000CpWlYAK","Q-40003","No Touch","012DN000000ClsHYAS","FALSE","FALSE"
"CON-40005","10957464","0015000001GS7HGAA1","07/01/2022","12","12","Draft","Latest End Date","USD","01sDN000000CpWlYAK","01sDN000000CpWlYAK","Q-40005","Auto Quote","012DN000000ClsHYAS","FALSE","FALSE"
"CON-40006","10991482","0015000001GSHtKAAX","07/01/2022","12","12","Draft","Latest End Date","USD","01sDN000000CpWlYAK","01sDN000000CpWlYAK","Q-40006","No Touch","012DN000000ClsHYAS","FALSE","FALSE"
"CON-40010","10957464","0015000001GRedDAAT","07/01/2022","12","12","Draft","Latest End Date","USD","01sDN000000CpWlYAK","01sDN000000CpWlYAK","Q-40010","Auto Quote","012DN000000ClsHYAS","FALSE","FALSE"
"CON-40011","10991482","0015000001GRZntAAH","07/01/2022","12","12","Draft","Latest End Date","USD","01sDN000000CpWlYAK","01sDN000000CpWlYAK","Q-40011","No Touch","012DN000000ClsHYAS","FALSE","FALSE"
"CON-40012","11075882","0015000001GRXG2AAP","07/01/2022","12","12","Draft","Latest End Date","USD","01sDN000000CpWlYAK","01sDN000000CpWlYAK","Q-40012","Full Touch","012DN000000ClsHYAS","FALSE","FALSE"
"CON-40013","10957464","0015000001GRedDAAT","07/01/2022","12","12","Draft","Latest End Date","USD","01sDN000000CpWlYAK","01sDN000000CpWlYAK","Q-40013","Auto Quote","012DN000000ClsHYAS","FALSE","FALSE"
"CON-40014","10991482","0015000001GRZntAAH","07/01/2022","12","12","Draft","Latest End Date","USD","01sDN000000CpWlYAK","01sDN000000CpWlYAK","Q-40014","No Touch","012DN000000ClsHYAS","FALSE","FALSE"
"CON-40015","11075882","0015000001GRXG2AAP","07/01/2022","12","12","Draft","Latest End Date","USD","01sDN000000CpWlYAK","01sDN000000CpWlYAK","Q-40015","Full Touch","012DN000000ClsHYAS","FALSE","FALSE"
