"PARENT_ACCOUNT_NUMBER","ACCOUNT_NUMBER","INSTANCE_STATUS","SUPPORT_STATUS","ITEMNO","ITEM_DESCRIPTION","SUPPORT_ITEMNO","PRODLINE","PRODFAMILY","PLATFORM","CONTRACT_NUMBER","CONTRACT_ID","CONTRACT_ORG","CONTRACT_INV_ORGID","CONTRACT_INV_ORG","CUST_PO_NUMBER","PRICE_UNIT","CURRENCY_CODE","START_DATE","END_DATE","SVC_LINE_ID","INSTANCE_ID","QUOTE","SELLING_PRICE","CURRENT_EXPRN_DATE","NEW_EXPRN_DATE","STUDENT_COUNT","CONTRACT_MONTHS","NEW_YRLY_PRICE","NEW_MTHLY_PRICE","UPLIFT_PCT","RENEWAL_OPP_TYPE","SOLD_TO_ORG_ID","INVOICE_TO_ORG_ID","SHIP_TO_ORG_ID","ORDER_NUMBER","DESCRIPTION","OWNER_CUSTOMER","PARENT_CUSTOMER","SOLDTO_NUM","SOLDTO_CUSTOMER","BILLTO_NUM","BILLTO_CUSTOMER","SHIPTO_NUM","SHIPTO_CUSTOMER","RN","AUTORENEW","PER_STUDENT_PRICE","CON_LINE_LAST_UPDATED","MISC_ADDED_COLS"
"3754205","3754205","Latest","EXPIRED","67008A","WEBPATH EXPRESS DISTRICT LICENSE","67008P","WEBPATH EXPRESS","DESTINY DISTRICT","ECS","W1022445","10957464","X2","186","X2","2200001390","0","USD","7/1/2022","6/30/2023","81704961","40436312","4023282.02","0","6/30/2023","6/30/2024","-1","12","0","0","0","ASPEN","443280807","1049503","1049504","5002085","WEBPATH EXPRESS DISTRICT LICENSE (RENEWAL)","BIG SPRING SCH DIST","BIG SPRING SCH DIST","3754205","BIG SPRING SCH DIST","3754205","BIG SPRING SCH DIST","3754205","BIG SPRING SCH DIST","1","N","-1","7/1/2023","DISTRICT OPERATED"
"3754205","3754205","Latest","EXPIRED","95206A","ASPEN IMS - SAAS - DISTRICT","95206P","ASPEN","IMS","ONPREM","W1022445","10957464","X2","186","X2","2200001390","0","USD","7/1/2022","6/30/2023","81704963","36035728","4023282.02","0","6/30/2023","6/30/2024","2435","12","0","0","0","ASPEN","443280807","1049503","1049504","5002085","ASPEN IMS - SAAS - DISTRICT (RENEWAL)","BIG SPRING SCH DIST","BIG SPRING SCH DIST","3754205","BIG SPRING SCH DIST","3754205","BIG SPRING SCH DIST","3754205","BIG SPRING SCH DIST","1","N","0","7/1/2023","DISTRICT OPERATED"
"2008690","2008690","Latest","EXPIRED","95206A","ASPEN IMS - SAAS - DISTRICT","95206P","ASPEN","IMS","ONPREM","W1024642","10991482","X2","186","X2","ASPEN RENEWAL","3076","USD","7/1/2022","6/30/2023","81803702","35151995","4023550.01","256.33333","6/30/2023","6/30/2024","1538","12","3076","256.33333","0","ASPEN","34436","0718713","0718714","5002126","ASPEN IMS - SAAS - DISTRICT (RENEWAL)","BLACKSTONE MILLVILLE REG SCH DIST","BLACKSTONE MILLVILLE REG SCH DIST","2008690","BLACKSTONE MILLVILLE REG SCH DIST","2008690","BLACKSTONE MILLVILLE REG SCH DIST","2008690","BLACKSTONE MILLVILLE REG SCH DIST","1","Y","0.16667","7/1/2023","DISTRICT OPERATED"
"0941977","0941977","Latest","EXPIRED","95531L","ASPEN GRADUATION REQUIREMENTS MODULE - PERPETUAL","95531P","ASPEN","GRADUATION REQUIREMENTS","ONPREM","W1032791","11075882","X2","186","X2","9000359128","6095.16","USD","7/1/2022","6/30/2023","82062931","33685679","4023765.01","507.93","6/30/2023","6/30/2024","152379","12","6095.16","507.93","0","ASPEN","21440","1077403","1077404","5002290","ASPEN GRADUATION REQUIREMENTS MODULE - PERPETUAL","MIAMI DADE CO BD OF ED","MIAMI DADE CO BD OF ED","0941977","MIAMI DADE CO BD OF ED","0941977","MIAMI DADE CO BD OF ED","0941977","MIAMI DADE CO BD OF ED","1","M","0.00333","7/1/2023","DISTRICT OPERATED"
"0941977","0941977","Latest","EXPIRED","95532L","ASPEN SCHEDULER MODULE - PERPETUAL","95532P","ASPEN","SCHEDULER","ONPREM","W1032791","11075882","X2","186","X2","9000359128","217901.97","USD","7/1/2022","6/30/2023","82062934","39980494","4023765.01","18158.4975","6/30/2023","6/30/2024","152379","12","217901.97","18158.4975","0","ASPEN","21440","1077403","1077404","5002290","ASPEN SCHEDULER MODULE - PERPETUAL","MIAMI DADE CO BD OF ED","MIAMI DADE CO BD OF ED","0941977","MIAMI DADE CO BD OF ED","0941977","MIAMI DADE CO BD OF ED","0941977","MIAMI DADE CO BD OF ED","1","M","0.11917","7/1/2023","DISTRICT OPERATED"
"0941977","0941977","Latest","EXPIRED","95533L","ASPEN HEALTH ACCIDENT MODULE - PERPETUAL","95533P","ASPEN","HEALTH ACCIDENT","ONPREM","W1032791","11075882","X2","186","X2","9000359128","15410.95","USD","7/1/2022","6/30/2023","82062930","33685677","4023765.01","1284.24583","6/30/2023","6/30/2024","308219","12","15410.95","1284.24583","0","ASPEN","21440","1077403","1077404","5002290","ASPEN HEALTH ACCIDENT MODULE - PERPETUAL","MIAMI DADE CO BD OF ED","MIAMI DADE CO BD OF ED","0941977","MIAMI DADE CO BD OF ED","0941977","MIAMI DADE CO BD OF ED","0941977","MIAMI DADE CO BD OF ED","1","M","0.00417","7/1/2023","DISTRICT OPERATED"
