"TEMP_ID__c","SBQQ__PrimaryContact__c","SBQQ__Account__c","SBQQ__StartDate__c","SBQQ__EndDate__c","SBQQ__Status__c","Document_Type__c","SBQQ__Primary__c","Is_This_A_District_Field__c","School_Count__c","BillTo_Oracle__c","BillTo__c","SBQQ__BillingName__c","ShipTo_Oracle__c","SBQQ__ShippingName__c","ShipTo__c","SoldTo_Oracle__c","Covered_Schools_Oracle__c","Covered_Facilities__c","Covered_School_Account_ID_s__c"
"Q-40000","0032J00003ZoujSQAR","0015000001GRedDAAT","07/01/2022","06/30/2023","Accepted","Renewal","TRUE","TRUE","5","""3754205""","0015000001GRedDAAT","BIG SPRING SCH DIST","""3754205""","BIG SPRING SCH DIST","0015000001GRedDAAT","""3754205""","3754205","BIG SPRING SCH DIST","0015000001GRedDAAT"
"Q-40001","0032J00003ZoujSQAR","0015000001GRZntAAH","07/01/2022","06/30/2023","Accepted","Renewal","TRUE","TRUE","1","""2008690""","0015000001GRZntAAH","BLACKSTONE MILLVILLE REG SCH DIST","""2008690""","BLACKSTONE MILLVILLE REG SCH DIST","0015000001GRZntAAH","""2008690""","2008690","BLACKSTONE MILLVILLE REG SCH DIST","0015000001GRZntAAH"
"Q-40002","0032J00003ZoujSQAR","0015000001GRh4hAAD","07/01/2022","09/30/2023","Accepted","Renewal","TRUE","TRUE","1","""7010047""","0015000001GRh4hAAD","DODEA HEADQUARTERS","""7010047""","DODEA HEADQUARTERS","0015000001GRh4hAAD","""7010047""","7010047","DODEA HEADQUARTERS","0015000001GRh4hAAD"
"Q-40003","0032J00003ZoujSQAR","0015000001GRZntAAH","07/01/2022","06/30/2023","Accepted","Renewal","TRUE","TRUE","1","""2008690""","0015000001GRZntAAH","BLACKSTONE MILLVILLE REG SCH DIST","""2008690""","BLACKSTONE MILLVILLE REG SCH DIST","0015000001GRZntAAH","""2008690""","2008690","BLACKSTONE MILLVILLE REG SCH DIST","0015000001GRZntAAH"
"Q-40005","0032J00003ZoujSQAR","0015000001GRedDAAT","07/01/2022","06/30/2023","Accepted","Renewal","TRUE","TRUE","5","""3754205""","0015000001GRedDAAT","BIG SPRING SCH DIST","""3754205""","BIG SPRING SCH DIST","0015000001GRedDAAT","""3754205""","3700512, 3701149, 3701150, 3701152, 3754220","OAK FLAT ELEM SCH,BIG SPRING MDL SCH,BIG SPRING HIGH SCH,MOUNT ROCK ELEM SCH,NEWVILLE ELEM SCH","0015000001GS7HBAA1,0015000001GS7HGAA1,0015000001GS7HIAA1,0015000001GS7HRAA1,0015000001GS7HVAA1"
"Q-40006","0032J00003ZoujSQAR","0015000001GRZntAAH","07/01/2022","06/30/2023","Accepted","Renewal","TRUE","TRUE","5","""2008690""","0015000001GRZntAAH","BLACKSTONE MILLVILLE REG SCH DIST","""2008690""","BLACKSTONE MILLVILLE REG SCH DIST","0015000001GRZntAAH","""2008690""","2001516, 2003221, 2003580, 2007350, 2008695","BLACKSTONE HILLVILLE REG HIGH SCH,FREDERICK W HARTNETT MDL SCH,JOHN KENNEDY ELEM,MILLVILLE ELEM SCH,A F MALONEY ELEM SCH","0015000001GRxZUAA1,0015000001GSHtKAAX,0015000001GSKfEAAX,0015000001GRxZfAAL,0015000001GRxZjAAL"
"Q-40010","0032J00003ZoujSQAR","0015000001GRedDAAT","07/01/2022","06/30/2023","Accepted","Renewal","TRUE","TRUE","1","""3754205""","0015000001GRedDAAT","BIG SPRING SCH DIST","""3754205""","BIG SPRING SCH DIST","0015000001GRedDAAT","""3754205""","3754205","BIG SPRING SCH DIST","0015000001GRedDAAT"
"Q-40011","0032J00003ZoujSQAR","0015000001GRZntAAH","07/01/2022","06/30/2023","Accepted","Renewal","TRUE","TRUE","1","""2008690""","0015000001GRZntAAH","BLACKSTONE MILLVILLE REG SCH DIST","""2008690""","BLACKSTONE MILLVILLE REG SCH DIST","0015000001GRZntAAH","""2008690""","2008690","BLACKSTONE MILLVILLE REG SCH DIST","0015000001GRZntAAH"
"Q-40012","0032J00003ZoujSQAR","0015000001GRXG2AAP","07/01/2022","06/30/2023","Accepted","Renewal","TRUE","TRUE","1","""0941977""","0015000001GRXG2AAP","MIAMI DADE CO BD OF ED","""0941977""","MIAMI DADE CO BD OF ED","0015000001GRXG2AAP","""0941977""","0941977","MIAMI DADE CO BD OF ED","0015000001GRXG2AAP"
"Q-40013","0032J00003ZoujSQAR","0015000001GRedDAAT","07/01/2022","06/30/2023","Accepted","Renewal","TRUE","TRUE","1","""3754205""","0015000001GRedDAAT","BIG SPRING SCH DIST","""3754205""","BIG SPRING SCH DIST","0015000001GRedDAAT","""3754205""","3754205","BIG SPRING SCH DIST","0015000001GRedDAAT"
"Q-40014","0032J00003ZoujSQAR","0015000001GRZntAAH","07/01/2022","06/30/2023","Accepted","Renewal","TRUE","TRUE","1","""2008690""","0015000001GRZntAAH","BLACKSTONE MILLVILLE REG SCH DIST","""2008690""","BLACKSTONE MILLVILLE REG SCH DIST","0015000001GRZntAAH","""2008690""","2008690","BLACKSTONE MILLVILLE REG SCH DIST","0015000001GRZntAAH"
"Q-40015","0032J00003ZoujSQAR","0015000001GRXG2AAP","07/01/2022","06/30/2023","Accepted","Renewal","TRUE","TRUE","1","""0941977""","0015000001GRXG2AAP","MIAMI DADE CO BD OF ED","""0941977""","MIAMI DADE CO BD OF ED","0015000001GRXG2AAP","""0941977""","0941977","MIAMI DADE CO BD OF ED","0015000001GRXG2AAP"
